model,cv_f1_mean,cv_f1_std,cv_pr_auc_mean,cv_pr_auc_std
logreg,0.3012106662814057,0.011532360994488882,0.23835739837069342,0.013101148959352755
random_forest,0.28113167521427573,0.02272379031526166,0.2792026296418301,0.01829838879407335
xgboost,0.11458970820902385,0.015976247238993227,0.2721925703051238,0.009878940529826177
mlp,0.023341714825729904,0.016296011285963412,0.2284576048301427,0.02041945352195772
