strategy,accuracy,precision,recall,f1,roc_auc,pr_auc,tn,fp,fn,tp,threshold
baseline,0.7925,0.23821339950372208,0.47058823529411764,0.3163097199341021,0.7257358399930127,0.23890316254696675,1489,307,108,96,0.15
class_weight,0.853,0.30434782608695654,0.3431372549019608,0.3225806451612903,0.7285470981265556,0.24310686493931602,1636,160,134,70,0.7
smote,0.833,0.26785714285714285,0.36764705882352944,0.30991735537190085,0.7171819730119219,0.23384415210563786,1591,205,129,75,0.7
rus,0.811,0.24411764705882352,0.4068627450980392,0.30514705882352944,0.7207110572514083,0.23055296854050603,1539,257,121,83,0.65
