model,accuracy,precision,recall,f1,roc_auc,pr_auc,tn,fp,fn,tp,threshold,train_time_s
logreg,0.853,0.30434782608695654,0.3431372549019608,0.3225806451612903,0.7285470981265556,0.24310686493931602,1636,160,134,70,0.7,0.249
random_forest,0.765,0.27380952380952384,0.7892156862745098,0.4065656565656566,0.806921153762173,0.3028053488503307,1369,427,43,161,0.35,35.761
xgboost,0.751,0.25662251655629137,0.7598039215686274,0.38366336633663367,0.8049396261845495,0.314581915094902,1347,449,49,155,0.15,6.156
mlp,0.8235,0.24398625429553264,0.3480392156862745,0.2868686868686869,0.7047878728328748,0.2346177231148927,1576,220,133,71,0.15,0.708
